[{"model": "admin.logentry", "pk": 1, "fields": {"action_time": "2025-01-02T18:46:45.360Z", "user": 1, "content_type": 4, "object_id": "2", "object_repr": "Amiza", "action_flag": 1, "change_message": "[{\"added\": {}}]"}}, {"model": "admin.logentry", "pk": 2, "fields": {"action_time": "2025-01-02T18:47:39.701Z", "user": 1, "content_type": 4, "object_id": "2", "object_repr": "Amiza", "action_flag": 2, "change_message": "[{\"changed\": {\"fields\": [\"First name\", \"Last name\", \"Email address\"]}}]"}}, {"model": "admin.logentry", "pk": 3, "fields": {"action_time": "2025-01-02T18:47:55.108Z", "user": 1, "content_type": 9, "object_id": "1", "object_repr": "امیررضا نوروزی", "action_flag": 1, "change_message": "[{\"added\": {}}]"}}, {"model": "admin.logentry", "pk": 4, "fields": {"action_time": "2025-01-02T18:49:17.283Z", "user": 1, "content_type": 8, "object_id": "1", "object_repr": "بار سیب تهران - تبریز", "action_flag": 1, "change_message": "[{\"added\": {}}]"}}, {"model": "admin.logentry", "pk": 5, "fields": {"action_time": "2025-01-02T18:50:05.811Z", "user": 1, "content_type": 10, "object_id": "1", "object_repr": "بار سیب تهران - تبریز : 10000.0 kg", "action_flag": 1, "change_message": "[{\"added\": {}}]"}}, {"model": "admin.logentry", "pk": 6, "fields": {"action_time": "2025-01-02T18:50:59.652Z", "user": 1, "content_type": 7, "object_id": "1", "object_repr": "بار سیب تهران - تبریز : تهران to تبریز", "action_flag": 1, "change_message": "[{\"added\": {}}]"}}, {"model": "admin.logentry", "pk": 7, "fields": {"action_time": "2025-01-02T19:10:25.842Z", "user": 1, "content_type": 8, "object_id": "1", "object_repr": "بار سیب تهران - تبریز", "action_flag": 2, "change_message": "[{\"changed\": {\"fields\": [\"Freight\"]}}]"}}, {"model": "admin.logentry", "pk": 8, "fields": {"action_time": "2025-01-02T19:39:18.728Z", "user": 1, "content_type": 4, "object_id": "3", "object_repr": "Ali", "action_flag": 1, "change_message": "[{\"added\": {}}]"}}, {"model": "admin.logentry", "pk": 9, "fields": {"action_time": "2025-01-02T19:39:35.245Z", "user": 1, "content_type": 4, "object_id": "3", "object_repr": "Ali", "action_flag": 2, "change_message": "[{\"changed\": {\"fields\": [\"First name\", \"Last name\", \"Email address\"]}}]"}}, {"model": "admin.logentry", "pk": 10, "fields": {"action_time": "2025-01-02T19:40:50.446Z", "user": 1, "content_type": 13, "object_id": "1", "object_repr": "علی علیزاده", "action_flag": 1, "change_message": "[{\"added\": {}}]"}}, {"model": "admin.logentry", "pk": 11, "fields": {"action_time": "2025-01-02T19:43:24.813Z", "user": 1, "content_type": 14, "object_id": "1", "object_repr": "Ali : نیسان زامیاد", "action_flag": 1, "change_message": "[{\"added\": {}}]"}}, {"model": "admin.logentry", "pk": 12, "fields": {"action_time": "2025-01-02T19:50:51.651Z", "user": 1, "content_type": 11, "object_id": "1", "object_repr": "بار سیب تهران - تبریز : 2025-01-02 19:47:37+00:00 - 2025-01-02 19:50:35+00:00", "action_flag": 1, "change_message": "[{\"added\": {}}]"}}, {"model": "admin.logentry", "pk": 13, "fields": {"action_time": "2025-01-02T19:52:33.603Z", "user": 1, "content_type": 12, "object_id": "1", "object_repr": "1 : A", "action_flag": 1, "change_message": "[{\"added\": {}}]"}}, {"model": "admin.logentry", "pk": 14, "fields": {"action_time": "2025-01-09T06:36:39.038Z", "user": 1, "content_type": 4, "object_id": "4", "object_repr": "amirreza", "action_flag": 1, "change_message": "[{\"added\": {}}]"}}, {"model": "admin.logentry", "pk": 15, "fields": {"action_time": "2025-01-09T06:37:01.423Z", "user": 1, "content_type": 4, "object_id": "4", "object_repr": "amirreza", "action_flag": 2, "change_message": "[{\"changed\": {\"fields\": [\"First name\", \"Last name\", \"Email address\"]}}]"}}, {"model": "admin.logentry", "pk": 16, "fields": {"action_time": "2025-01-09T06:37:25.872Z", "user": 1, "content_type": 9, "object_id": "2", "object_repr": "امیررضا صالحی", "action_flag": 1, "change_message": "[{\"added\": {}}]"}}, {"model": "admin.logentry", "pk": 17, "fields": {"action_time": "2025-01-17T16:47:34.047Z", "user": 1, "content_type": 3, "object_id": "1", "object_repr": "yol", "action_flag": 1, "change_message": "[{\"added\": {}}]"}}, {"model": "admin.logentry", "pk": 18, "fields": {"action_time": "2025-01-17T16:47:49.888Z", "user": 1, "content_type": 3, "object_id": "1", "object_repr": "yol", "action_flag": 3, "change_message": ""}}, {"model": "admin.logentry", "pk": 19, "fields": {"action_time": "2025-01-17T17:08:36.504Z", "user": 1, "content_type": 15, "object_id": "1", "object_repr": "Ali:YOL", "action_flag": 1, "change_message": "[{\"added\": {}}]"}}, {"model": "admin.logentry", "pk": 20, "fields": {"action_time": "2025-01-17T17:08:58.135Z", "user": 1, "content_type": 15, "object_id": "2", "object_repr": "Amiza:YUK", "action_flag": 1, "change_message": "[{\"added\": {}}]"}}, {"model": "admin.logentry", "pk": 21, "fields": {"action_time": "2025-01-20T16:31:04.586Z", "user": 1, "content_type": 9, "object_id": "1", "object_repr": "امیررضا نوروزی", "action_flag": 2, "change_message": "[{\"changed\": {\"fields\": [\"ProfilePicture\"]}}]"}}, {"model": "admin.logentry", "pk": 22, "fields": {"action_time": "2025-01-20T16:33:23.043Z", "user": 1, "content_type": 9, "object_id": "1", "object_repr": "امیررضا نوروزی", "action_flag": 2, "change_message": "[{\"changed\": {\"fields\": [\"ProfilePicture\"]}}]"}}, {"model": "admin.logentry", "pk": 23, "fields": {"action_time": "2025-01-20T16:48:01.325Z", "user": 1, "content_type": 9, "object_id": "1", "object_repr": "امیررضا نوروزی", "action_flag": 2, "change_message": "[{\"changed\": {\"fields\": [\"ProfilePicture\"]}}]"}}, {"model": "admin.logentry", "pk": 24, "fields": {"action_time": "2025-01-20T16:51:23.715Z", "user": 1, "content_type": 9, "object_id": "1", "object_repr": "امیررضا نوروزی", "action_flag": 2, "change_message": "[{\"changed\": {\"fields\": [\"ProfilePicture\"]}}]"}}, {"model": "admin.logentry", "pk": 25, "fields": {"action_time": "2025-01-20T16:55:31.810Z", "user": 1, "content_type": 9, "object_id": "1", "object_repr": "امیررضا نوروزی", "action_flag": 2, "change_message": "[{\"changed\": {\"fields\": [\"ProfilePicture\"]}}]"}}, {"model": "admin.logentry", "pk": 26, "fields": {"action_time": "2025-01-20T17:01:35.412Z", "user": 1, "content_type": 4, "object_id": "8", "object_repr": "alii", "action_flag": 3, "change_message": ""}}, {"model": "admin.logentry", "pk": 27, "fields": {"action_time": "2025-01-20T17:01:35.510Z", "user": 1, "content_type": 4, "object_id": "5", "object_repr": "ehsan", "action_flag": 3, "change_message": ""}}, {"model": "admin.logentry", "pk": 28, "fields": {"action_time": "2025-01-20T17:01:35.631Z", "user": 1, "content_type": 4, "object_id": "7", "object_repr": "husen", "action_flag": 3, "change_message": ""}}, {"model": "admin.logentry", "pk": 29, "fields": {"action_time": "2025-01-20T17:01:35.719Z", "user": 1, "content_type": 4, "object_id": "6", "object_repr": "sadegh", "action_flag": 3, "change_message": ""}}, {"model": "admin.logentry", "pk": 30, "fields": {"action_time": "2025-01-20T17:04:59.408Z", "user": 1, "content_type": 4, "object_id": "9", "object_repr": "ali", "action_flag": 3, "change_message": ""}}, {"model": "admin.logentry", "pk": 31, "fields": {"action_time": "2025-01-20T17:04:59.511Z", "user": 1, "content_type": 4, "object_id": "10", "object_repr": "husen", "action_flag": 3, "change_message": ""}}, {"model": "admin.logentry", "pk": 32, "fields": {"action_time": "2025-01-21T08:59:50.419Z", "user": 1, "content_type": 9, "object_id": "8", "object_repr": "احسان عیلزاده", "action_flag": 2, "change_message": "[{\"changed\": {\"fields\": [\"ProfilePicture\"]}}]"}}, {"model": "admin.logentry", "pk": 33, "fields": {"action_time": "2025-01-21T09:02:27.380Z", "user": 1, "content_type": 9, "object_id": "8", "object_repr": "احسان عیلزاده", "action_flag": 2, "change_message": "[{\"changed\": {\"fields\": [\"ProfilePicture\"]}}]"}}, {"model": "admin.logentry", "pk": 34, "fields": {"action_time": "2025-01-21T09:34:42.941Z", "user": 1, "content_type": 9, "object_id": "8", "object_repr": "احسان عیلزاده", "action_flag": 2, "change_message": "[{\"changed\": {\"fields\": [\"ProfilePicture\"]}}]"}}, {"model": "admin.logentry", "pk": 35, "fields": {"action_time": "2025-01-21T09:35:48.148Z", "user": 1, "content_type": 9, "object_id": "8", "object_repr": "احسان عیلزاده", "action_flag": 2, "change_message": "[{\"changed\": {\"fields\": [\"ProfilePicture\"]}}]"}}, {"model": "admin.logentry", "pk": 36, "fields": {"action_time": "2025-01-21T09:38:05.598Z", "user": 1, "content_type": 9, "object_id": "8", "object_repr": "احسان عیلزاده", "action_flag": 2, "change_message": "[{\"changed\": {\"fields\": [\"ProfilePicture\"]}}]"}}, {"model": "admin.logentry", "pk": 37, "fields": {"action_time": "2025-01-22T10:16:57.654Z", "user": 1, "content_type": 7, "object_id": "1", "object_repr": "بار سیب تهران - تبریز : None به None", "action_flag": 3, "change_message": ""}}, {"model": "admin.logentry", "pk": 38, "fields": {"action_time": "2025-01-22T18:37:17.275Z", "user": 1, "content_type": 8, "object_id": "3", "object_repr": "بار مبل", "action_flag": 3, "change_message": ""}}, {"model": "admin.logentry", "pk": 39, "fields": {"action_time": "2025-01-22T18:37:17.397Z", "user": 1, "content_type": 8, "object_id": "4", "object_repr": "بار مبل", "action_flag": 3, "change_message": ""}}, {"model": "admin.logentry", "pk": 40, "fields": {"action_time": "2025-01-22T18:37:17.489Z", "user": 1, "content_type": 8, "object_id": "5", "object_repr": "بار مبل", "action_flag": 3, "change_message": ""}}, {"model": "admin.logentry", "pk": 41, "fields": {"action_time": "2025-01-22T18:37:17.588Z", "user": 1, "content_type": 8, "object_id": "6", "object_repr": "بار مبل", "action_flag": 3, "change_message": ""}}, {"model": "admin.logentry", "pk": 42, "fields": {"action_time": "2025-01-22T18:37:17.689Z", "user": 1, "content_type": 8, "object_id": "7", "object_repr": "بار مبل", "action_flag": 3, "change_message": ""}}, {"model": "admin.logentry", "pk": 43, "fields": {"action_time": "2025-01-22T18:37:17.789Z", "user": 1, "content_type": 8, "object_id": "8", "object_repr": "بار مبل", "action_flag": 3, "change_message": ""}}, {"model": "admin.logentry", "pk": 44, "fields": {"action_time": "2025-01-22T18:37:17.890Z", "user": 1, "content_type": 8, "object_id": "9", "object_repr": "بار مبل", "action_flag": 3, "change_message": ""}}, {"model": "admin.logentry", "pk": 45, "fields": {"action_time": "2025-01-22T18:37:17.988Z", "user": 1, "content_type": 8, "object_id": "10", "object_repr": "بار مبل", "action_flag": 3, "change_message": ""}}, {"model": "admin.logentry", "pk": 46, "fields": {"action_time": "2025-01-22T18:37:18.089Z", "user": 1, "content_type": 8, "object_id": "11", "object_repr": "بار مبل", "action_flag": 3, "change_message": ""}}, {"model": "admin.logentry", "pk": 47, "fields": {"action_time": "2025-01-22T18:37:18.189Z", "user": 1, "content_type": 8, "object_id": "12", "object_repr": "بار مبل", "action_flag": 3, "change_message": ""}}, {"model": "admin.logentry", "pk": 48, "fields": {"action_time": "2025-01-22T18:41:12.108Z", "user": 1, "content_type": 8, "object_id": "1", "object_repr": "بار سیب تهران - تبریز", "action_flag": 3, "change_message": ""}}, {"model": "admin.logentry", "pk": 49, "fields": {"action_time": "2025-01-22T18:41:12.213Z", "user": 1, "content_type": 8, "object_id": "2", "object_repr": "بار سیب", "action_flag": 3, "change_message": ""}}, {"model": "admin.logentry", "pk": 50, "fields": {"action_time": "2025-01-22T18:41:12.325Z", "user": 1, "content_type": 8, "object_id": "13", "object_repr": "بار مبل", "action_flag": 3, "change_message": ""}}, {"model": "admin.logentry", "pk": 51, "fields": {"action_time": "2025-01-22T18:41:12.446Z", "user": 1, "content_type": 8, "object_id": "14", "object_repr": "بار مبل", "action_flag": 3, "change_message": ""}}, {"model": "admin.logentry", "pk": 52, "fields": {"action_time": "2025-01-22T18:41:12.547Z", "user": 1, "content_type": 8, "object_id": "15", "object_repr": "بار مبل", "action_flag": 3, "change_message": ""}}, {"model": "admin.logentry", "pk": 53, "fields": {"action_time": "2025-01-22T18:42:57.678Z", "user": 1, "content_type": 9, "object_id": "8", "object_repr": "mysql4.png عیلزاده", "action_flag": 3, "change_message": ""}}, {"model": "admin.logentry", "pk": 54, "fields": {"action_time": "2025-01-22T18:42:57.825Z", "user": 1, "content_type": 9, "object_id": "7", "object_repr": "صمد قلیزاده", "action_flag": 3, "change_message": ""}}, {"model": "admin.logentry", "pk": 55, "fields": {"action_time": "2025-01-22T18:42:57.936Z", "user": 1, "content_type": 9, "object_id": "6", "object_repr": "یاسر خیرخواه", "action_flag": 3, "change_message": ""}}, {"model": "admin.logentry", "pk": 56, "fields": {"action_time": "2025-01-22T18:42:58.059Z", "user": 1, "content_type": 9, "object_id": "5", "object_repr": "علی تاجبخش", "action_flag": 3, "change_message": ""}}, {"model": "admin.logentry", "pk": 57, "fields": {"action_time": "2025-01-22T18:42:58.170Z", "user": 1, "content_type": 9, "object_id": "2", "object_repr": "امیررضا صالحی", "action_flag": 3, "change_message": ""}}, {"model": "admin.logentry", "pk": 58, "fields": {"action_time": "2025-01-22T18:42:58.292Z", "user": 1, "content_type": 9, "object_id": "1", "object_repr": "امیررضا نوروزی", "action_flag": 3, "change_message": ""}}, {"model": "admin.logentry", "pk": 59, "fields": {"action_time": "2025-01-22T18:43:35.581Z", "user": 1, "content_type": 15, "object_id": "11", "object_repr": "husen:YUK", "action_flag": 3, "change_message": ""}}, {"model": "admin.logentry", "pk": 60, "fields": {"action_time": "2025-01-22T18:43:35.726Z", "user": 1, "content_type": 15, "object_id": "10", "object_repr": "samad:YUK", "action_flag": 3, "change_message": ""}}, {"model": "admin.logentry", "pk": 61, "fields": {"action_time": "2025-01-22T18:43:35.837Z", "user": 1, "content_type": 15, "object_id": "9", "object_repr": "yaser:YUK", "action_flag": 3, "change_message": ""}}, {"model": "admin.logentry", "pk": 62, "fields": {"action_time": "2025-01-22T18:43:35.959Z", "user": 1, "content_type": 15, "object_id": "8", "object_repr": "ali:YUK", "action_flag": 3, "change_message": ""}}, {"model": "admin.logentry", "pk": 63, "fields": {"action_time": "2025-01-22T18:43:36.070Z", "user": 1, "content_type": 15, "object_id": "2", "object_repr": "Amiza:YUK", "action_flag": 3, "change_message": ""}}, {"model": "admin.logentry", "pk": 64, "fields": {"action_time": "2025-01-22T18:43:36.191Z", "user": 1, "content_type": 15, "object_id": "1", "object_repr": "Ali:YOL", "action_flag": 3, "change_message": ""}}, {"model": "admin.logentry", "pk": 65, "fields": {"action_time": "2025-01-22T18:47:03.839Z", "user": 1, "content_type": 4, "object_id": "3", "object_repr": "Ali", "action_flag": 3, "change_message": ""}}, {"model": "admin.logentry", "pk": 66, "fields": {"action_time": "2025-01-22T18:47:03.971Z", "user": 1, "content_type": 4, "object_id": "2", "object_repr": "Amiza", "action_flag": 3, "change_message": ""}}, {"model": "admin.logentry", "pk": 67, "fields": {"action_time": "2025-01-22T18:47:04.084Z", "user": 1, "content_type": 4, "object_id": "11", "object_repr": "ali", "action_flag": 3, "change_message": ""}}, {"model": "admin.logentry", "pk": 68, "fields": {"action_time": "2025-01-22T18:47:04.205Z", "user": 1, "content_type": 4, "object_id": "4", "object_repr": "amirreza", "action_flag": 3, "change_message": ""}}, {"model": "admin.logentry", "pk": 69, "fields": {"action_time": "2025-01-22T18:47:04.316Z", "user": 1, "content_type": 4, "object_id": "14", "object_repr": "husen", "action_flag": 3, "change_message": ""}}, {"model": "admin.logentry", "pk": 70, "fields": {"action_time": "2025-01-22T18:47:04.439Z", "user": 1, "content_type": 4, "object_id": "13", "object_repr": "samad", "action_flag": 3, "change_message": ""}}, {"model": "admin.logentry", "pk": 71, "fields": {"action_time": "2025-01-22T18:47:04.550Z", "user": 1, "content_type": 4, "object_id": "12", "object_repr": "yaser", "action_flag": 3, "change_message": ""}}, {"model": "admin.logentry", "pk": 72, "fields": {"action_time": "2025-01-23T07:16:34.339Z", "user": 1, "content_type": 4, "object_id": "16", "object_repr": "ali", "action_flag": 3, "change_message": ""}}, {"model": "admin.logentry", "pk": 73, "fields": {"action_time": "2025-01-23T07:19:26.983Z", "user": 1, "content_type": 4, "object_id": "17", "object_repr": "ali", "action_flag": 3, "change_message": ""}}, {"model": "admin.logentry", "pk": 74, "fields": {"action_time": "2025-01-23T07:44:16.953Z", "user": 1, "content_type": 13, "object_id": "4", "object_repr": "حسین خیرخواه", "action_flag": 3, "change_message": ""}}, {"model": "admin.logentry", "pk": 75, "fields": {"action_time": "2025-01-23T07:44:25.014Z", "user": 1, "content_type": 15, "object_id": "16", "object_repr": "husen:YOL", "action_flag": 3, "change_message": ""}}, {"model": "admin.logentry", "pk": 76, "fields": {"action_time": "2025-01-23T07:44:57.479Z", "user": 1, "content_type": 4, "object_id": "19", "object_repr": "husen", "action_flag": 3, "change_message": ""}}, {"model": "admin.logentry", "pk": 77, "fields": {"action_time": "2025-01-23T07:50:44.134Z", "user": 1, "content_type": 14, "object_id": "2", "object_repr": "husen : ", "action_flag": 1, "change_message": "[{\"added\": {}}]"}}, {"model": "admin.logentry", "pk": 78, "fields": {"action_time": "2025-01-23T07:51:04.007Z", "user": 1, "content_type": 14, "object_id": "3", "object_repr": "ali : ", "action_flag": 1, "change_message": "[{\"added\": {}}]"}}, {"model": "admin.logentry", "pk": 79, "fields": {"action_time": "2025-01-23T07:54:45.221Z", "user": 1, "content_type": 14, "object_id": "3", "object_repr": "ali : ", "action_flag": 3, "change_message": ""}}, {"model": "admin.logentry", "pk": 80, "fields": {"action_time": "2025-01-23T07:54:45.363Z", "user": 1, "content_type": 14, "object_id": "2", "object_repr": "husen : ", "action_flag": 3, "change_message": ""}}, {"model": "admin.logentry", "pk": 81, "fields": {"action_time": "2025-01-23T07:57:13.500Z", "user": 1, "content_type": 14, "object_id": "4", "object_repr": "husen : ", "action_flag": 1, "change_message": "[{\"added\": {}}]"}}, {"model": "admin.logentry", "pk": 82, "fields": {"action_time": "2025-01-23T07:57:21.267Z", "user": 1, "content_type": 14, "object_id": "4", "object_repr": "husen : ", "action_flag": 3, "change_message": ""}}, {"model": "admin.logentry", "pk": 83, "fields": {"action_time": "2025-01-23T07:57:26.727Z", "user": 1, "content_type": 4, "object_id": "20", "object_repr": "husen", "action_flag": 3, "change_message": ""}}, {"model": "admin.logentry", "pk": 84, "fields": {"action_time": "2025-01-23T17:39:17.801Z", "user": 1, "content_type": 11, "object_id": "1", "object_repr": "کارتن های بازیافتی", "action_flag": 3, "change_message": ""}}, {"model": "admin.logentry", "pk": 85, "fields": {"action_time": "2025-01-24T14:41:52.175Z", "user": 1, "content_type": 12, "object_id": "1", "object_repr": "کارتن های بازیافتی : A", "action_flag": 3, "change_message": ""}}, {"model": "admin.logentry", "pk": 86, "fields": {"action_time": "2025-01-24T14:42:07.930Z", "user": 1, "content_type": 12, "object_id": "2", "object_repr": "کارتن های بازیافتی : A", "action_flag": 3, "change_message": ""}}, {"model": "admin.logentry", "pk": 87, "fields": {"action_time": "2025-01-24T14:46:21.818Z", "user": 1, "content_type": 12, "object_id": "5", "object_repr": "کارتن های بازیافتی : R", "action_flag": 3, "change_message": ""}}, {"model": "admin.logentry", "pk": 88, "fields": {"action_time": "2025-01-24T14:46:21.963Z", "user": 1, "content_type": 12, "object_id": "4", "object_repr": "کارتن های بازیافتی : A", "action_flag": 3, "change_message": ""}}, {"model": "admin.logentry", "pk": 89, "fields": {"action_time": "2025-01-24T14:46:22.086Z", "user": 1, "content_type": 12, "object_id": "3", "object_repr": "کارتن های بازیافتی : A", "action_flag": 3, "change_message": ""}}, {"model": "admin.logentry", "pk": 90, "fields": {"action_time": "2025-01-24T15:03:19.117Z", "user": 1, "content_type": 12, "object_id": "6", "object_repr": "کارتن های بازیافتی : R", "action_flag": 3, "change_message": ""}}, {"model": "admin.logentry", "pk": 91, "fields": {"action_time": "2025-01-24T15:40:38.075Z", "user": 1, "content_type": 12, "object_id": "8", "object_repr": "کارتن های بازیافتی : B", "action_flag": 3, "change_message": ""}}, {"model": "admin.logentry", "pk": 92, "fields": {"action_time": "2025-01-24T15:40:38.197Z", "user": 1, "content_type": 12, "object_id": "7", "object_repr": "کارتن های بازیافتی : A", "action_flag": 3, "change_message": ""}}, {"model": "admin.logentry", "pk": 93, "fields": {"action_time": "2025-01-24T15:41:55.636Z", "user": 1, "content_type": 12, "object_id": "9", "object_repr": "کارتن های بازیافتی : A", "action_flag": 3, "change_message": ""}}, {"model": "admin.logentry", "pk": 94, "fields": {"action_time": "2025-01-24T15:42:17.373Z", "user": 1, "content_type": 11, "object_id": "2", "object_repr": "کارتن های بازیافتی", "action_flag": 3, "change_message": ""}}, {"model": "admin.logentry", "pk": 95, "fields": {"action_time": "2025-01-24T15:45:24.268Z", "user": 1, "content_type": 8, "object_id": "19", "object_repr": "کارتن های بازیافتی", "action_flag": 2, "change_message": "[{\"changed\": {\"fields\": [\"Status\"]}}]"}}, {"model": "admin.logentry", "pk": 96, "fields": {"action_time": "2025-01-24T16:08:14.742Z", "user": 1, "content_type": 11, "object_id": "3", "object_repr": "کارتن های بازیافتی", "action_flag": 2, "change_message": "[{\"changed\": {\"fields\": [\"Status\"]}}]"}}, {"model": "admin.logentry", "pk": 97, "fields": {"action_time": "2025-01-24T16:09:32.835Z", "user": 1, "content_type": 11, "object_id": "3", "object_repr": "کارتن های بازیافتی", "action_flag": 2, "change_message": "[{\"changed\": {\"fields\": [\"Status\"]}}]"}}, {"model": "admin.logentry", "pk": 98, "fields": {"action_time": "2025-01-24T16:10:20.971Z", "user": 1, "content_type": 11, "object_id": "3", "object_repr": "کارتن های بازیافتی", "action_flag": 2, "change_message": "[{\"changed\": {\"fields\": [\"Status\"]}}]"}}, {"model": "admin.logentry", "pk": 99, "fields": {"action_time": "2025-01-24T16:10:32.082Z", "user": 1, "content_type": 11, "object_id": "3", "object_repr": "کارتن های بازیافتی", "action_flag": 2, "change_message": "[{\"changed\": {\"fields\": [\"Status\"]}}]"}}, {"model": "admin.logentry", "pk": 100, "fields": {"action_time": "2025-01-28T04:18:14.112Z", "user": 1, "content_type": 8, "object_id": "26", "object_repr": "تره بار", "action_flag": 3, "change_message": ""}}, {"model": "auth.permission", "pk": 1, "fields": {"name": "Can add log entry", "content_type": 1, "codename": "add_logentry"}}, {"model": "auth.permission", "pk": 2, "fields": {"name": "Can change log entry", "content_type": 1, "codename": "change_logentry"}}, {"model": "auth.permission", "pk": 3, "fields": {"name": "Can delete log entry", "content_type": 1, "codename": "delete_logentry"}}, {"model": "auth.permission", "pk": 4, "fields": {"name": "Can view log entry", "content_type": 1, "codename": "view_logentry"}}, {"model": "auth.permission", "pk": 5, "fields": {"name": "Can add permission", "content_type": 2, "codename": "add_permission"}}, {"model": "auth.permission", "pk": 6, "fields": {"name": "Can change permission", "content_type": 2, "codename": "change_permission"}}, {"model": "auth.permission", "pk": 7, "fields": {"name": "Can delete permission", "content_type": 2, "codename": "delete_permission"}}, {"model": "auth.permission", "pk": 8, "fields": {"name": "Can view permission", "content_type": 2, "codename": "view_permission"}}, {"model": "auth.permission", "pk": 9, "fields": {"name": "Can add group", "content_type": 3, "codename": "add_group"}}, {"model": "auth.permission", "pk": 10, "fields": {"name": "Can change group", "content_type": 3, "codename": "change_group"}}, {"model": "auth.permission", "pk": 11, "fields": {"name": "Can delete group", "content_type": 3, "codename": "delete_group"}}, {"model": "auth.permission", "pk": 12, "fields": {"name": "Can view group", "content_type": 3, "codename": "view_group"}}, {"model": "auth.permission", "pk": 13, "fields": {"name": "Can add user", "content_type": 4, "codename": "add_user"}}, {"model": "auth.permission", "pk": 14, "fields": {"name": "Can change user", "content_type": 4, "codename": "change_user"}}, {"model": "auth.permission", "pk": 15, "fields": {"name": "Can delete user", "content_type": 4, "codename": "delete_user"}}, {"model": "auth.permission", "pk": 16, "fields": {"name": "Can view user", "content_type": 4, "codename": "view_user"}}, {"model": "auth.permission", "pk": 17, "fields": {"name": "Can add content type", "content_type": 5, "codename": "add_contenttype"}}, {"model": "auth.permission", "pk": 18, "fields": {"name": "Can change content type", "content_type": 5, "codename": "change_contenttype"}}, {"model": "auth.permission", "pk": 19, "fields": {"name": "Can delete content type", "content_type": 5, "codename": "delete_contenttype"}}, {"model": "auth.permission", "pk": 20, "fields": {"name": "Can view content type", "content_type": 5, "codename": "view_contenttype"}}, {"model": "auth.permission", "pk": 21, "fields": {"name": "Can add session", "content_type": 6, "codename": "add_session"}}, {"model": "auth.permission", "pk": 22, "fields": {"name": "Can change session", "content_type": 6, "codename": "change_session"}}, {"model": "auth.permission", "pk": 23, "fields": {"name": "Can delete session", "content_type": 6, "codename": "delete_session"}}, {"model": "auth.permission", "pk": 24, "fields": {"name": "Can view session", "content_type": 6, "codename": "view_session"}}, {"model": "auth.permission", "pk": 25, "fields": {"name": "Can add route", "content_type": 7, "codename": "add_route"}}, {"model": "auth.permission", "pk": 26, "fields": {"name": "Can change route", "content_type": 7, "codename": "change_route"}}, {"model": "auth.permission", "pk": 27, "fields": {"name": "Can delete route", "content_type": 7, "codename": "delete_route"}}, {"model": "auth.permission", "pk": 28, "fields": {"name": "Can view route", "content_type": 7, "codename": "view_route"}}, {"model": "auth.permission", "pk": 29, "fields": {"name": "Can add advertisement", "content_type": 8, "codename": "add_advertisement"}}, {"model": "auth.permission", "pk": 30, "fields": {"name": "Can change advertisement", "content_type": 8, "codename": "change_advertisement"}}, {"model": "auth.permission", "pk": 31, "fields": {"name": "Can delete advertisement", "content_type": 8, "codename": "delete_advertisement"}}, {"model": "auth.permission", "pk": 32, "fields": {"name": "Can view advertisement", "content_type": 8, "codename": "view_advertisement"}}, {"model": "auth.permission", "pk": 33, "fields": {"name": "Can add shipper", "content_type": 9, "codename": "add_shipper"}}, {"model": "auth.permission", "pk": 34, "fields": {"name": "Can change shipper", "content_type": 9, "codename": "change_shipper"}}, {"model": "auth.permission", "pk": 35, "fields": {"name": "Can delete shipper", "content_type": 9, "codename": "delete_shipper"}}, {"model": "auth.permission", "pk": 36, "fields": {"name": "Can view shipper", "content_type": 9, "codename": "view_shipper"}}, {"model": "auth.permission", "pk": 37, "fields": {"name": "Can add cargo", "content_type": 10, "codename": "add_cargo"}}, {"model": "auth.permission", "pk": 38, "fields": {"name": "Can change cargo", "content_type": 10, "codename": "change_cargo"}}, {"model": "auth.permission", "pk": 39, "fields": {"name": "Can delete cargo", "content_type": 10, "codename": "delete_cargo"}}, {"model": "auth.permission", "pk": 40, "fields": {"name": "Can view cargo", "content_type": 10, "codename": "view_cargo"}}, {"model": "auth.permission", "pk": 41, "fields": {"name": "Can add waybill", "content_type": 11, "codename": "add_waybill"}}, {"model": "auth.permission", "pk": 42, "fields": {"name": "Can change waybill", "content_type": 11, "codename": "change_waybill"}}, {"model": "auth.permission", "pk": 43, "fields": {"name": "Can delete waybill", "content_type": 11, "codename": "delete_waybill"}}, {"model": "auth.permission", "pk": 44, "fields": {"name": "Can view waybill", "content_type": 11, "codename": "view_waybill"}}, {"model": "auth.permission", "pk": 45, "fields": {"name": "Can add report", "content_type": 12, "codename": "add_report"}}, {"model": "auth.permission", "pk": 46, "fields": {"name": "Can change report", "content_type": 12, "codename": "change_report"}}, {"model": "auth.permission", "pk": 47, "fields": {"name": "Can delete report", "content_type": 12, "codename": "delete_report"}}, {"model": "auth.permission", "pk": 48, "fields": {"name": "Can view report", "content_type": 12, "codename": "view_report"}}, {"model": "auth.permission", "pk": 49, "fields": {"name": "Can add driver", "content_type": 13, "codename": "add_driver"}}, {"model": "auth.permission", "pk": 50, "fields": {"name": "Can change driver", "content_type": 13, "codename": "change_driver"}}, {"model": "auth.permission", "pk": 51, "fields": {"name": "Can delete driver", "content_type": 13, "codename": "delete_driver"}}, {"model": "auth.permission", "pk": 52, "fields": {"name": "Can view driver", "content_type": 13, "codename": "view_driver"}}, {"model": "auth.permission", "pk": 53, "fields": {"name": "Can add car", "content_type": 14, "codename": "add_car"}}, {"model": "auth.permission", "pk": 54, "fields": {"name": "Can change car", "content_type": 14, "codename": "change_car"}}, {"model": "auth.permission", "pk": 55, "fields": {"name": "Can delete car", "content_type": 14, "codename": "delete_car"}}, {"model": "auth.permission", "pk": 56, "fields": {"name": "Can view car", "content_type": 14, "codename": "view_car"}}, {"model": "auth.permission", "pk": 57, "fields": {"name": "Can add custom user", "content_type": 15, "codename": "add_customuser"}}, {"model": "auth.permission", "pk": 58, "fields": {"name": "Can change custom user", "content_type": 15, "codename": "change_customuser"}}, {"model": "auth.permission", "pk": 59, "fields": {"name": "Can delete custom user", "content_type": 15, "codename": "delete_customuser"}}, {"model": "auth.permission", "pk": 60, "fields": {"name": "Can view custom user", "content_type": 15, "codename": "view_customuser"}}, {"model": "auth.permission", "pk": 61, "fields": {"name": "Can add Token", "content_type": 16, "codename": "add_token"}}, {"model": "auth.permission", "pk": 62, "fields": {"name": "Can change Token", "content_type": 16, "codename": "change_token"}}, {"model": "auth.permission", "pk": 63, "fields": {"name": "Can delete Token", "content_type": 16, "codename": "delete_token"}}, {"model": "auth.permission", "pk": 64, "fields": {"name": "Can view Token", "content_type": 16, "codename": "view_token"}}, {"model": "auth.permission", "pk": 65, "fields": {"name": "Can add Token", "content_type": 17, "codename": "add_tokenproxy"}}, {"model": "auth.permission", "pk": 66, "fields": {"name": "Can change Token", "content_type": 17, "codename": "change_tokenproxy"}}, {"model": "auth.permission", "pk": 67, "fields": {"name": "Can delete Token", "content_type": 17, "codename": "delete_tokenproxy"}}, {"model": "auth.permission", "pk": 68, "fields": {"name": "Can view Token", "content_type": 17, "codename": "view_tokenproxy"}}, {"model": "auth.permission", "pk": 69, "fields": {"name": "Can add site", "content_type": 18, "codename": "add_site"}}, {"model": "auth.permission", "pk": 70, "fields": {"name": "Can change site", "content_type": 18, "codename": "change_site"}}, {"model": "auth.permission", "pk": 71, "fields": {"name": "Can delete site", "content_type": 18, "codename": "delete_site"}}, {"model": "auth.permission", "pk": 72, "fields": {"name": "Can view site", "content_type": 18, "codename": "view_site"}}, {"model": "auth.permission", "pk": 73, "fields": {"name": "Can add email address", "content_type": 19, "codename": "add_emailaddress"}}, {"model": "auth.permission", "pk": 74, "fields": {"name": "Can change email address", "content_type": 19, "codename": "change_emailaddress"}}, {"model": "auth.permission", "pk": 75, "fields": {"name": "Can delete email address", "content_type": 19, "codename": "delete_emailaddress"}}, {"model": "auth.permission", "pk": 76, "fields": {"name": "Can view email address", "content_type": 19, "codename": "view_emailaddress"}}, {"model": "auth.permission", "pk": 77, "fields": {"name": "Can add email confirmation", "content_type": 20, "codename": "add_emailconfirmation"}}, {"model": "auth.permission", "pk": 78, "fields": {"name": "Can change email confirmation", "content_type": 20, "codename": "change_emailconfirmation"}}, {"model": "auth.permission", "pk": 79, "fields": {"name": "Can delete email confirmation", "content_type": 20, "codename": "delete_emailconfirmation"}}, {"model": "auth.permission", "pk": 80, "fields": {"name": "Can view email confirmation", "content_type": 20, "codename": "view_emailconfirmation"}}, {"model": "auth.permission", "pk": 81, "fields": {"name": "Can add social account", "content_type": 21, "codename": "add_socialaccount"}}, {"model": "auth.permission", "pk": 82, "fields": {"name": "Can change social account", "content_type": 21, "codename": "change_socialaccount"}}, {"model": "auth.permission", "pk": 83, "fields": {"name": "Can delete social account", "content_type": 21, "codename": "delete_socialaccount"}}, {"model": "auth.permission", "pk": 84, "fields": {"name": "Can view social account", "content_type": 21, "codename": "view_socialaccount"}}, {"model": "auth.permission", "pk": 85, "fields": {"name": "Can add social application", "content_type": 22, "codename": "add_socialapp"}}, {"model": "auth.permission", "pk": 86, "fields": {"name": "Can change social application", "content_type": 22, "codename": "change_socialapp"}}, {"model": "auth.permission", "pk": 87, "fields": {"name": "Can delete social application", "content_type": 22, "codename": "delete_socialapp"}}, {"model": "auth.permission", "pk": 88, "fields": {"name": "Can view social application", "content_type": 22, "codename": "view_socialapp"}}, {"model": "auth.permission", "pk": 89, "fields": {"name": "Can add social application token", "content_type": 23, "codename": "add_socialtoken"}}, {"model": "auth.permission", "pk": 90, "fields": {"name": "Can change social application token", "content_type": 23, "codename": "change_socialtoken"}}, {"model": "auth.permission", "pk": 91, "fields": {"name": "Can delete social application token", "content_type": 23, "codename": "delete_socialtoken"}}, {"model": "auth.permission", "pk": 92, "fields": {"name": "Can view social application token", "content_type": 23, "codename": "view_socialtoken"}}, {"model": "auth.user", "pk": 1, "fields": {"password": "pbkdf2_sha256$600000$JiPM5De7i5Swh59jF9VLEw$/z65F4BFpbAyQU9vg6eQKwk+ClGWYwoI7xCQZopVuro=", "last_login": "2025-01-28T08:35:35.005Z", "is_superuser": true, "username": "admin", "first_name": "", "last_name": "", "email": "", "is_staff": true, "is_active": true, "date_joined": "2024-11-28T08:27:14.438Z", "groups": [], "user_permissions": []}}, {"model": "auth.user", "pk": 15, "fields": {"password": "pbkdf2_sha256$600000$XVwcJptDc3JKTDtdFMyuj5$1CgofRi86oTzAkNOLp3MiR8YVjGC9BgTu5s+xJmPCjI=", "last_login": "2025-01-28T09:17:47.638Z", "is_superuser": false, "username": "amirreza", "first_name": "امیررضا", "last_name": "نوروزی", "email": "amirrezanoruzi2002@gmail.com", "is_staff": false, "is_active": true, "date_joined": "2025-01-22T18:47:23.023Z", "groups": [], "user_permissions": []}}, {"model": "auth.user", "pk": 18, "fields": {"password": "pbkdf2_sha256$600000$2ePJS1wShUGGferpL3bkrZ$YZwl1eKxpfEIjHQBJnZXAjWXEfeSKQN5UJmMf5gglBQ=", "last_login": "2025-01-23T07:19:35.923Z", "is_superuser": false, "username": "ali", "first_name": "علی", "last_name": "علیزاده", "email": "a.noruzi811@gmail.com", "is_staff": false, "is_active": true, "date_joined": "2025-01-23T07:19:35.188Z", "groups": [], "user_permissions": []}}, {"model": "auth.user", "pk": 21, "fields": {"password": "pbkdf2_sha256$600000$9fXo0uvK9EkN1ALNsE7LC7$Hfda+JM8xbpP7gdHVU/xPcYes+sQesEyI1fGShIHfpY=", "last_login": "2025-01-28T09:22:40.219Z", "is_superuser": false, "username": "husen", "first_name": "حسین", "last_name": "خیرخواه", "email": "a.noruzi811@gmail.com", "is_staff": false, "is_active": true, "date_joined": "2025-01-23T07:57:47.265Z", "groups": [], "user_permissions": []}}, {"model": "auth.user", "pk": 22, "fields": {"password": "pbkdf2_sha256$600000$U4PwuPAHNDaca7SybZhBol$ew2bsfgF/UVbX30HGcwD2TI8AP+EZQ1uuekDgdyTRsI=", "last_login": "2025-01-23T14:27:17.361Z", "is_superuser": false, "username": "ehsan", "first_name": "احسان", "last_name": "شکری", "email": "ehsan@gmail.com", "is_staff": false, "is_active": true, "date_joined": "2025-01-23T14:27:16.556Z", "groups": [], "user_permissions": []}}, {"model": "auth.user", "pk": 23, "fields": {"password": "pbkdf2_sha256$600000$uTdkK1zw1vXbdttDWyP2gM$fCRR/YtlCs9Y622W4FKhG72nWEziSNT+bpN7BAqkSzA=", "last_login": "2025-01-25T15:35:49.514Z", "is_superuser": false, "username": "salim", "first_name": "سلیم", "last_name": "حسینی", "email": "salim@email.com", "is_staff": false, "is_active": true, "date_joined": "2025-01-25T15:35:48.689Z", "groups": [], "user_permissions": []}}, {"model": "contenttypes.contenttype", "pk": 1, "fields": {"app_label": "admin", "model": "logentry"}}, {"model": "contenttypes.contenttype", "pk": 2, "fields": {"app_label": "auth", "model": "permission"}}, {"model": "contenttypes.contenttype", "pk": 3, "fields": {"app_label": "auth", "model": "group"}}, {"model": "contenttypes.contenttype", "pk": 4, "fields": {"app_label": "auth", "model": "user"}}, {"model": "contenttypes.contenttype", "pk": 5, "fields": {"app_label": "contenttypes", "model": "contenttype"}}, {"model": "contenttypes.contenttype", "pk": 6, "fields": {"app_label": "sessions", "model": "session"}}, {"model": "contenttypes.contenttype", "pk": 7, "fields": {"app_label": "yuk", "model": "route"}}, {"model": "contenttypes.contenttype", "pk": 8, "fields": {"app_label": "yuk", "model": "advertisement"}}, {"model": "contenttypes.contenttype", "pk": 9, "fields": {"app_label": "yuk", "model": "shipper"}}, {"model": "contenttypes.contenttype", "pk": 10, "fields": {"app_label": "yuk", "model": "cargo"}}, {"model": "contenttypes.contenttype", "pk": 11, "fields": {"app_label": "yol", "model": "waybill"}}, {"model": "contenttypes.contenttype", "pk": 12, "fields": {"app_label": "yol", "model": "report"}}, {"model": "contenttypes.contenttype", "pk": 13, "fields": {"app_label": "yol", "model": "driver"}}, {"model": "contenttypes.contenttype", "pk": 14, "fields": {"app_label": "yol", "model": "car"}}, {"model": "contenttypes.contenttype", "pk": 15, "fields": {"app_label": "main", "model": "customuser"}}, {"model": "contenttypes.contenttype", "pk": 16, "fields": {"app_label": "authtoken", "model": "token"}}, {"model": "contenttypes.contenttype", "pk": 17, "fields": {"app_label": "authtoken", "model": "tokenproxy"}}, {"model": "contenttypes.contenttype", "pk": 18, "fields": {"app_label": "sites", "model": "site"}}, {"model": "contenttypes.contenttype", "pk": 19, "fields": {"app_label": "account", "model": "emailaddress"}}, {"model": "contenttypes.contenttype", "pk": 20, "fields": {"app_label": "account", "model": "emailconfirmation"}}, {"model": "contenttypes.contenttype", "pk": 21, "fields": {"app_label": "socialaccount", "model": "socialaccount"}}, {"model": "contenttypes.contenttype", "pk": 22, "fields": {"app_label": "socialaccount", "model": "socialapp"}}, {"model": "contenttypes.contenttype", "pk": 23, "fields": {"app_label": "socialaccount", "model": "socialtoken"}}, {"model": "sessions.session", "pk": "49d2sv4icub4fsj31b0851kqgwztoj3w", "fields": {"session_data": ".eJxVjDsOwjAQBe_iGlm25S8lPWewdtdeHECOFCcV4u4QKQW0b2beS2TY1pa3UZc8FXEWWpx-NwR61L6Dcod-myXNfV0mlLsiDzrkdS71eTncv4MGo31rxS4lhcFEaywVVlwgMHqPbHQArzQah-wiJyCGEJ3VZJWLrnAiYvH-AOpiOG0:1tc7TJ:ORym8yy2DLW6wTF47u1JTOkJ5jgACvr3KyuY7vgEgog", "expire_date": "2025-01-26T19:05:01.679Z"}}, {"model": "sessions.session", "pk": "5lvdkkix1tfr10n7p7hunun6j02t1whr", "fields": {"session_data": ".eJxVjDsOwjAQBe_iGlm25S8lPWewdtdeHECOFCcV4u4QKQW0b2beS2TY1pa3UZc8FXEWWpx-NwR61L6Dcod-myXNfV0mlLsiDzrkdS71eTncv4MGo31rxS4lhcFEaywVVlwgMHqPbHQArzQah-wiJyCGEJ3VZJWLrnAiYvH-AOpiOG0:1tc6oC:vMEbk9CGZ8Nqp1LFOhYQnzA9o12LOsCz-Hf-pATfjIM", "expire_date": "2025-01-26T18:22:32.663Z"}}, {"model": "sessions.session", "pk": "5rgzqbzy11o48s2gq4tvxz223worjeao", "fields": {"session_data": ".eJxVjDsOwjAQBe_iGlm25S8lPWewdtdeHECOFCcV4u4QKQW0b2beS2TY1pa3UZc8FXEWWpx-NwR61L6Dcod-myXNfV0mlLsiDzrkdS71eTncv4MGo31rxS4lhcFEaywVVlwgMHqPbHQArzQah-wiJyCGEJ3VZJWLrnAiYvH-AOpiOG0:1tch4J:_y3-X6KfQJX0H_L5TQ0DGHpzQOf72f_G2PQUjOfXcE0", "expire_date": "2025-01-28T09:05:35.108Z"}}, {"model": "sessions.session", "pk": "823lkjhiainpifltz6q2askn0v1lgbwl", "fields": {"session_data": ".eJxVjj0PgjAURf9LV6V5benn6O7m3jzaIlUCCS0uxv8uJAy63nvuyX0Tj2sd_FrS4nMkjnBGzr9hh-GZpr2JD5zuMw3zVJfc0R2hR1vodY5pvBzsn2DAMmxr0wqbFEgrg-Wsh9ii7DRHrZQCoYKwQYc-KsV00hYQMQmUKYFpe2aC2aQjlupfueS6_wQuG2ANNzfQjlvHNTXbmMkTgAMgny-RiENm:1tcg2J:WCFEAH92OE-LbWORWpvaVFlGe7NQSpDa-Bo9UBUWn-Y", "expire_date": "2025-01-28T07:59:27.863Z"}}, {"model": "sessions.session", "pk": "95ew1dceqqsq96yxihzcxqd6j08okyd1", "fields": {"session_data": ".eJxVjDsOwjAQBe_iGlm25S8lPWewdtdeHECOFCcV4u4QKQW0b2beS2TY1pa3UZc8FXEWWpx-NwR61L6Dcod-myXNfV0mlLsiDzrkdS71eTncv4MGo31rxS4lhcFEaywVVlwgMHqPbHQArzQah-wiJyCGEJ3VZJWLrnAiYvH-AOpiOG0:1tcgOQ:8Xh4By4a2-0MeWAEV8F8I2apkGa1G1jrF4koKDibumg", "expire_date": "2025-01-28T08:22:18.770Z"}}, {"model": "sessions.session", "pk": "a72jmhsaas7rtrgp36dtpehoul2sxaws", "fields": {"session_data": ".eJxVjDsOwjAQBe_iGlm25S8lPWewdtdeHECOFCcV4u4QKQW0b2beS2TY1pa3UZc8FXEWWpx-NwR61L6Dcod-myXNfV0mlLsiDzrkdS71eTncv4MGo31rxS4lhcFEaywVVlwgMHqPbHQArzQah-wiJyCGEJ3VZJWLrnAiYvH-AOpiOG0:1tcfhX:F0Ggu2csuZKx8msBwsuQ7Sa2hYzOjjY3ps6uaFF6wx0", "expire_date": "2025-01-28T07:37:59.620Z"}}, {"model": "sessions.session", "pk": "g7rrnqqw38a0i9cg3a2v2k8hklgpkptx", "fields": {"session_data": ".eJxVjDsOwjAQBe_iGlm25S8lPWewdtdeHECOFCcV4u4QKQW0b2beS2TY1pa3UZc8FXEWWpx-NwR61L6Dcod-myXNfV0mlLsiDzrkdS71eTncv4MGo31rxS4lhcFEaywVVlwgMHqPbHQArzQah-wiJyCGEJ3VZJWLrnAiYvH-AOpiOG0:1tGZsG:w1-7pSPZbKSK0UwCX_HGxUMi3rYochYgVVRqvn-YUnY", "expire_date": "2024-12-12T08:27:44.576Z"}}, {"model": "sessions.session", "pk": "kzhj3jv4yrbohr7l8e663rtdnjmhkrcj", "fields": {"session_data": ".eJxVjDsOwjAQBe_iGlm25S8lPWewdtdeHECOFCcV4u4QKQW0b2beS2TY1pa3UZc8FXEWWpx-NwR61L6Dcod-myXNfV0mlLsiDzrkdS71eTncv4MGo31rxS4lhcFEaywVVlwgMHqPbHQArzQah-wiJyCGEJ3VZJWLrnAiYvH-AOpiOG0:1tTQ1W:x8y0ivn7GYmiTd3-sNXaCgxubMGRqTcX8_fDPhRuGdQ", "expire_date": "2025-01-16T18:34:22.483Z"}}, {"model": "sessions.session", "pk": "msl7ifhnwx3ox9xshkd8i9lj7mig36g0", "fields": {"session_data": ".eJxVjDsOwjAQBe_iGlm25S8lPWewdtdeHECOFCcV4u4QKQW0b2beS2TY1pa3UZc8FXEWWpx-NwR61L6Dcod-myXNfV0mlLsiDzrkdS71eTncv4MGo31rxS4lhcFEaywVVlwgMHqPbHQArzQah-wiJyCGEJ3VZJWLrnAiYvH-AOpiOG0:1tcd2g:jfl3_c1vKZwA17FGDS2VqIq7X5b4_M7-EQMaYLjMc6s", "expire_date": "2025-01-28T04:47:38.923Z"}}, {"model": "sessions.session", "pk": "nl9n8ews3gitt1c8vtegiz8fz2q4mbd5", "fields": {"session_data": ".eJxVjj0PgjAURf9LV6V5benn6O7m3jzaIlUCCS0uxv8uJAy63nvuyX0Tj2sd_FrS4nMkjnBGzr9hh-GZpr2JD5zuMw3zVJfc0R2hR1vodY5pvBzsn2DAMmxr0wqbFEgrg-Wsh9ii7DRHrZQCoYKwQYc-KsV00hYQMQmUKYFpe2aC2aQjlupfueS6_wQuG2ANNzewjksngXJttukJwAGQzxeRW0Nl:1tchqw:W7xKcQhA7dekl9rJfG33pIVnMtp454eZpX76FNzGnwM", "expire_date": "2025-01-28T09:55:50.279Z"}}, {"model": "sessions.session", "pk": "qb0rofpxijp6mq0cghqhdws2ue6itefq", "fields": {"session_data": ".eJxVjsEOgjAQRP-lV6XZlna35ejdm3eytEVQAgkFL8Z_FxIOep038zJvUfO6dPWa01z3UVRCK3H-DRsOzzTuJD54vE8yTOMy943cK_KgWV6nmIbL0f0TdJy7be1M6ROC9TZ4rVqIhm1DmgkRocRQ-kChjYiKEnlg5lSyTQmcaZULbpMOnJf61ed-2X-CtgWoQrsbmMpQZVCi8kR0AqgAxOcLkatDbQ:1tcdVq:qJ968IdEw9N-4C23SjalTSGOBfpIu5yMjQPTDyG5Jpo", "expire_date": "2025-01-28T05:17:46.683Z"}}, {"model": "sessions.session", "pk": "r6r7zu89u819h835ptsk3ebuad7z3q8q", "fields": {"session_data": ".eJxVjDsOwjAQBe_iGlm25S8lPWewdtdeHECOFCcV4u4QKQW0b2beS2TY1pa3UZc8FXEWWpx-NwR61L6Dcod-myXNfV0mlLsiDzrkdS71eTncv4MGo31rxS4lhcFEaywVVlwgMHqPbHQArzQah-wiJyCGEJ3VZJWLrnAiYvH-AOpiOG0:1tc61y:-BVTftecDhJ1AdedP4V1cxHH4tlJFXVxLrUF5PiAtQk", "expire_date": "2025-01-26T17:32:42.870Z"}}, {"model": "sessions.session", "pk": "savvroggqcj8x1nzfek8shuzu0lr61ff", "fields": {"session_data": ".eJxVjssOgjAURP-lW6W5fT-W7t25by5tEZRAQosb478LCQvdzpk5mTcJuNY-rCUvYUjEE87I-TdsMT7ztJP0wOk-0zhPdRlaulfoQQu9zimPl6P7J-ix9NvaSuGyBuVUdJx1kCSq1nA0WmsQOgoXTeyS1sxk4wARs0CVM1jZMRvtJh2x1PAaylD3n8BVA6zh9gbaM-klo0IIa-0JwAOQzxeQ2ENg:1tcerx:pd_ZUohOq7XruP9UpZbaJAjB9O9lZfPATbp9k0hbrHo", "expire_date": "2025-01-28T06:44:41.335Z"}}, {"model": "sessions.session", "pk": "sxc0hjscm9banvixc83z7apx00975a9i", "fields": {"session_data": ".eJxVjLsSgjAURP8lrZK5SciztLezZy55SJSBGQI2jv9umKHQYpvds-dNOtzWodtKXLociCNMkvNv2aN_xmlfwgOn-0z9PK1L7umO0GMt9DqHOF4O9k8wYBnqW9seE1fSgBKstQZ4a4URCZPXPgYVfB8tA86VMiCsBws1FlEzlYLUVTpiWbtXLnmtPg5cNsAabm7QOqYdGKpBCtOeABwA-XwBgqtDAA:1tcd2C:uuGNypqKD0W5BJS3DsmimD0u7tTsf5Dzdumm6mL1-_I", "expire_date": "2025-01-28T04:47:08.853Z"}}, {"model": "sessions.session", "pk": "t09kd2tu2ewtb5umb6438pxzaothe5i6", "fields": {"session_data": ".eJxVjLEOgyAURf-FtZU8HojA2L1bd_IErLZGE9EuTf-9mDi0w13uPfe8madt7f2W0-KHyBwTNTv_li2FZ5r2JT5ous88zNO6DC3fEX6smV_nmMbLwf4Jesp9eTe2pQ51bUBLoawBVFYa2VEXmpCijqFNVgCi1gakDWChxBI1Qnexbop0pLz615CHtfgQsK5AVKhvYJ1CJxVHBQrNCcABsM8XglxC-Q:1tbzA2:NNcIZyRu_RWOCoDNdKW6tTF-e7MTwIKOcmIO4M3PeZk", "expire_date": "2025-01-26T10:12:34.312Z"}}, {"model": "sessions.session", "pk": "vuukw888lky1ww0ukns6s2effasv90wa", "fields": {"session_data": ".eJxVjLsSgjAURP8lrZK5SciL0t7OPnPzEpSBGRJsHP9dmKHQYpvds-dNHK61d2tJixsi6QiT5PxbegzPNO1LfOB0n2mYp7oMnu4IPdZCr3NM4-Vg_wQ9ln57a-sxcyUNKMFaa4C3VhiRMQcdUlQx-GQZcK6UAWEDWNhiETVTOUq9SUcs1b2GMtTNx4HLBljD9Y3JTsquZVRoJg0_AXQA5PMFgrRC_w:1tcRSf:OI0ooVLkwQ1a0s-ReJyQGV4ggqFCKQaOUPDVhGRTH-c", "expire_date": "2025-01-27T16:25:41.372Z"}}, {"model": "sessions.session", "pk": "vzvqquxygeawx3dknt006f5z007x583y", "fields": {"session_data": ".eJxVjDsOwjAQBe_iGlm25S8lPWewdtdeHECOFCcV4u4QKQW0b2beS2TY1pa3UZc8FXEWWpx-NwR61L6Dcod-myXNfV0mlLsiDzrkdS71eTncv4MGo31rxS4lhcFEaywVVlwgMHqPbHQArzQah-wiJyCGEJ3VZJWLrnAiYvH-AOpiOG0:1tcQWS:u2SHT0PLvBkRPT-Xv3nRuObtGIP81nxFyUjNwjYzo7w", "expire_date": "2025-01-27T15:25:32.063Z"}}, {"model": "sessions.session", "pk": "yil4j2aoa0c5jmdjy0b5lt1avzm88zrz", "fields": {"session_data": ".eJxVjssOgjAURP-lW6W5fT-W7t25by5tEZRAQosb478LCQvdzpk5mTcJuNY-rCUvYUjEE87I-TdsMT7ztJP0wOk-0zhPdRlaulfoQQu9zimPl6P7J-ix9NvaSuGyBuVUdJx1kCSq1nA0WmsQOgoXTeyS1sxk4wARs0CVM1jZMRvtJh2x1PAaylD3n8BVA6zh-sak58YLRpm1zsgTgAcgny-RC0Nk:1tc3bn:i8LUuc5Ug-3mO0nyDvU679P3RbQYyn9gm0PHip_FCPc", "expire_date": "2025-01-26T14:57:31.190Z"}}, {"model": "main.customuser", "pk": 12, "fields": {"user": 15, "app": "YUK"}}, {"model": "main.customuser", "pk": 15, "fields": {"user": 18, "app": "YOL"}}, {"model": "main.customuser", "pk": 18, "fields": {"user": 21, "app": "YOL"}}, {"model": "main.customuser", "pk": 19, "fields": {"user": 22, "app": "YUK"}}, {"model": "main.customuser", "pk": 20, "fields": {"user": 23, "app": "YUK"}}, {"model": "yol.driver", "pk": 3, "fields": {"profilePicture": "yol_pictures/911210.png", "phone": "09391762090", "licenseCode": "12546987", "user": 18}}, {"model": "yol.driver", "pk": 6, "fields": {"profilePicture": "yol_pictures/911210.png", "phone": "09334545586", "licenseCode": "12546987", "user": 21}}, {"model": "yol.car", "pk": 5, "fields": {"model": "نیسان زامیاد", "type": "N", "year": 1395, "capacity": 2100, "licensePlate": "15ج789-17", "driver": 6}}, {"model": "yol.waybill", "pk": 3, "fields": {"pickup_date": "2025-01-24T15:45:32.207Z", "delivery_date": "2025-01-24T15:45:32.207Z", "status": "N", "advertisement": 19, "driver": 6}}, {"model": "yol.waybill", "pk": 4, "fields": {"pickup_date": "2025-01-24T18:27:49.706Z", "delivery_date": "2025-01-24T23:16:18.115Z", "status": "A", "advertisement": 17, "driver": 6}}, {"model": "yol.waybill", "pk": 5, "fields": {"pickup_date": "2025-01-25T07:40:59.211Z", "delivery_date": "2025-01-25T11:13:46.856Z", "status": "A", "advertisement": 20, "driver": 6}}, {"model": "yol.waybill", "pk": 6, "fields": {"pickup_date": "2025-01-26T14:27:20.759Z", "delivery_date": "2025-01-28T12:53:21.738Z", "status": "A", "advertisement": 25, "driver": 6}}, {"model": "yol.waybill", "pk": 7, "fields": {"pickup_date": "2025-01-28T09:24:10.960Z", "delivery_date": "2025-01-28T12:55:50.154Z", "status": "A", "advertisement": 27, "driver": 6}}, {"model": "yol.report", "pk": 11, "fields": {"date": "2025-01-24T16:11:00.058Z", "type": "A", "description": "تصادف با سواری", "status": "S", "Waybill": 3}}, {"model": "yol.report", "pk": 12, "fields": {"date": "2025-01-24T16:11:21.923Z", "type": "W", "description": "جاده برفی", "status": "W", "Waybill": 3}}, {"model": "yol.report", "pk": 13, "fields": {"date": "2025-01-25T07:42:32.936Z", "type": "W", "description": "بارش برف و مسدود شدن جاده", "status": "S", "Waybill": 5}}, {"model": "yol.report", "pk": 14, "fields": {"date": "2025-01-25T07:43:22.393Z", "type": "B", "description": "چرخ ماشین پنچر شده", "status": "S", "Waybill": 5}}, {"model": "yol.report", "pk": 15, "fields": {"date": "2025-01-28T06:33:27.022Z", "type": "W", "description": "یخبندان بودن جاده", "status": "S", "Waybill": 6}}, {"model": "yol.report", "pk": 16, "fields": {"date": "2025-01-28T09:25:31.896Z", "type": "A", "description": "برخورد با گاردریل", "status": "W", "Waybill": 7}}, {"model": "yuk.shipper", "pk": 9, "fields": {"profilePicture": "yuk_pictures/iot6.png", "phone": "09331245586", "user": 15}}, {"model": "yuk.shipper", "pk": 10, "fields": {"profilePicture": "yuk_pictures/profile.png", "phone": "09151568870", "user": 22}}, {"model": "yuk.shipper", "pk": 11, "fields": {"profilePicture": "yuk_pictures/profile.png", "phone": "09141235857", "user": 23}}, {"model": "yuk.advertisement", "pk": 16, "fields": {"title": "بار مبل", "shipper": 9, "description": "انتقال مبلمان از یک خانه مسکونی به خانه مسکونی دیگر", "freight": 15000000, "status": "P", "date": "2025-01-22T18:49:26.803Z"}}, {"model": "yuk.advertisement", "pk": 17, "fields": {"title": "سیب", "shipper": 9, "description": "بار سیب", "freight": 1000000, "status": "A", "date": "2025-01-22T18:57:02.774Z"}}, {"model": "yuk.advertisement", "pk": 18, "fields": {"title": "میز غذاخوری ", "shipper": 9, "description": "میز غذاخوری 8 نفره همراه با 8 صندلی", "freight": 13000000, "status": "P", "date": "2025-01-23T14:25:01.628Z"}}, {"model": "yuk.advertisement", "pk": 19, "fields": {"title": "کارتن های بازیافتی", "shipper": 10, "description": "تعدادی کارتن بازیافتی از تبریز به تهران", "freight": 125000000, "status": "A", "date": "2025-01-23T14:35:25.585Z"}}, {"model": "yuk.advertisement", "pk": 20, "fields": {"title": "میز تلویزیون", "shipper": 9, "description": "میز تلویزیون چوبی", "freight": 2500000, "status": "A", "date": "2025-01-25T07:39:44.760Z"}}, {"model": "yuk.advertisement", "pk": 21, "fields": {"title": "بار شلیل", "shipper": 11, "description": "بار شلیل پالت بندی شده", "freight": 45000000, "status": "P", "date": "2025-01-25T15:40:28.634Z"}}, {"model": "yuk.advertisement", "pk": 22, "fields": {"title": "جعبه چوبی", "shipper": 11, "description": "تعدادی جعبه چوبی که بسته بندی شده اند", "freight": 7000000, "status": "P", "date": "2025-01-25T15:43:02.515Z"}}, {"model": "yuk.advertisement", "pk": 23, "fields": {"title": "پالت بسته بندی", "shipper": 11, "description": "تعدادی پالت چوبی بسته بندی", "freight": 13000000, "status": "P", "date": "2025-01-25T15:44:34.403Z"}}, {"model": "yuk.advertisement", "pk": 24, "fields": {"title": "مبل و میز ", "shipper": 9, "description": "4 عدد مبل و 3 عدد میز شیشه ای", "freight": 22000000, "status": "P", "date": "2025-01-25T15:49:56.677Z"}}, {"model": "yuk.advertisement", "pk": 25, "fields": {"title": "میز کامپیوتر", "shipper": 9, "description": "میز کامپیوتر کوچک و سبک", "freight": 1200000, "status": "A", "date": "2025-01-25T15:52:14.059Z"}}, {"model": "yuk.advertisement", "pk": 27, "fields": {"title": "مبلمان ", "shipper": 9, "description": "دو دست مبلمان هشت نفره", "freight": 3000000, "status": "A", "date": "2025-01-28T09:21:38.697Z"}}, {"model": "yuk.cargo", "pk": 16, "fields": {"weight": 1200.0, "type": "مبل و وسایل خانه", "value": 60000000.0, "dimension": "3*3 متر", "special_instructions": "مبل ها سفید هستند و در هنگام بارگیری یا تخلیه مواظب باشید به جایی نخوره", "advertisement": 16}}, {"model": "yuk.cargo", "pk": 17, "fields": {"weight": 1000.0, "type": "میوه و تره بار", "value": 30000000.0, "dimension": "1*1 متر", "special_instructions": "بار سیب از باغ", "advertisement": 17}}, {"model": "yuk.cargo", "pk": 18, "fields": {"weight": 400.0, "type": "میز و صندلی", "value": 45000000.0, "dimension": "3*4 متر", "special_instructions": "هنگام حمل و بارگیری توجه شود که به جایی برخورد نکند و در تماس با آب نباشد", "advertisement": 18}}, {"model": "yuk.cargo", "pk": 19, "fields": {"weight": 450.0, "type": "کارتن", "value": 10000000.0, "dimension": "4*4 متر", "special_instructions": "فقط با آب برخورد نکند", "advertisement": 19}}, {"model": "yuk.cargo", "pk": 20, "fields": {"weight": 60.0, "type": "میز", "value": 16000000.0, "dimension": "150*30 سانتی متر", "special_instructions": "روی میز شیشه ای است", "advertisement": 20}}, {"model": "yuk.cargo", "pk": 21, "fields": {"weight": 12000.0, "type": "میوه و تره بار", "value": 2000000000.0, "dimension": "4*12 متر", "special_instructions": "باربر باید به یخچال مجهز باشد", "advertisement": 21}}, {"model": "yuk.cargo", "pk": 22, "fields": {"weight": 300.0, "type": "جعبه", "value": 12000000.0, "dimension": "2*2 متر", "special_instructions": "ندارد", "advertisement": 22}}, {"model": "yuk.cargo", "pk": 23, "fields": {"weight": 350.0, "type": "پالت چوبی", "value": 12000000.0, "dimension": "3*2 متر", "special_instructions": "ندارد", "advertisement": 23}}, {"model": "yuk.cargo", "pk": 24, "fields": {"weight": 500.0, "type": "مبل و وسایل خانه", "value": 67000000.0, "dimension": "4*3 متر", "special_instructions": "میز ها شیشه ای هستند هنگام حمل و بارگیری باید مواظب باشید", "advertisement": 24}}, {"model": "yuk.cargo", "pk": 25, "fields": {"weight": 70.0, "type": "میز و صندلی", "value": 3500000.0, "dimension": "100 * 200 سانتی متر", "special_instructions": "ندارد", "advertisement": 25}}, {"model": "yuk.cargo", "pk": 27, "fields": {"weight": 300.0, "type": "مبل و وسایل خانه", "value": 100000000.0, "dimension": "ندارد", "special_instructions": "حمل با احتیاط ", "advertisement": 27}}, {"model": "yuk.route", "pk": 5, "fields": {"origin": "ارومیه، طالقانی، شهرام", "destination": "قزوین، پادگان، بین میدان عارف قزوینی و بلوار آیت الله مدرس", "dest_city": "قزوین", "origin_city": "ارومیه", "distance": "۶۲۵ کیلومتر", "estimated_time": "۶ ساعت ۳۷ دقیقه", "advertisement": 16}}, {"model": "yuk.route", "pk": 6, "fields": {"origin": "آذربایجان غربی، شهرستان ارومیه، بلوار ابراهیم زاده", "destination": "ارومیه، بلوار ساوالان (بالانج)", "dest_city": "ارومیه", "origin_city": "شهرستان ارومیه", "distance": "۱۵ کیلومتر", "estimated_time": "۱۴ دقیقه", "advertisement": 17}}, {"model": "yuk.route", "pk": 7, "fields": {"origin": "اردبیل، شهید پوستی، یعقوبیه", "destination": "اهواز، انقلاب، بین شهید مهرداد خواجه و برهان", "dest_city": "اهواز", "origin_city": "اردبیل", "distance": "۱۱۰۰ کیلومتر", "estimated_time": "۱۳ ساعت ۵۴ دقیقه", "advertisement": 18}}, {"model": "yuk.route", "pk": 8, "fields": {"origin": "تبریز، بلوار شهید منتظری، بین شش متری لاله و بنفشه", "destination": "تهران، بزرگراه آزادگان، شقایق", "dest_city": "تهران", "origin_city": "تبریز", "distance": "۶۲۵ کیلومتر", "estimated_time": "۶ ساعت ۴۱ دقیقه", "advertisement": 19}}, {"model": "yuk.route", "pk": 9, "fields": {"origin": "ارومیه، بزرگراه خاتم الانبیا، گلستان، بین کوی 31 و 52", "destination": "اشنویه، امام، سروان قادری", "dest_city": "اشنویه", "origin_city": "ارومیه", "distance": "۷۵ کیلومتر", "estimated_time": "۱ ساعت ۲۲ دقیقه", "advertisement": 20}}, {"model": "yuk.route", "pk": 10, "fields": {"origin": "آذربایجان غربی، شهرستان ارومیه، جاده ارومیه - سرو، بلوار ابراهیم زاده", "destination": "ساری، فلسطین، بین فلسطین 31 و بزرگراه شهید سلیمانی", "dest_city": "ساری", "origin_city": "شهرستان ارومیه", "distance": "۱۰۵۰ کیلومتر", "estimated_time": "۱۲ ساعت ۵۶ دقیقه", "advertisement": 21}}, {"model": "yuk.route", "pk": 11, "fields": {"origin": "استان زنجان، شهرستان زنجان، سهرودی، آذر جنوبی", "destination": "زنجان، بلوار شهدای ارتش، سرو شمالی 9", "dest_city": "زنجان", "origin_city": "شهرستان زنجان", "distance": "۷ کیلومتر", "estimated_time": "۱۳ دقیقه", "advertisement": 22}}, {"model": "yuk.route", "pk": 12, "fields": {"origin": "سلماس، بلوار جمهوری اسلامی، 31", "destination": "خوی، خوی - قطور - مرز رازی", "dest_city": "خوی", "origin_city": "سلماس", "distance": "۴۲ کیلومتر", "estimated_time": "۴۳ دقیقه", "advertisement": 23}}, {"model": "yuk.route", "pk": 13, "fields": {"origin": "ارومیه، بلوار شیخ شلتوت، بین کوی 4 و 5", "destination": "تبریز، زبردست، بین کارپیشه و صفا", "dest_city": "تبریز", "origin_city": "ارومیه", "distance": "۱۵۰ کیلومتر", "estimated_time": "۲ ساعت ۷ دقیقه", "advertisement": 24}}, {"model": "yuk.route", "pk": 14, "fields": {"origin": "ارومیه، میثم، بین شاهد و براعتی", "destination": "ارومیه، ذاکر، کوی 8", "dest_city": "ارومیه", "origin_city": "ارومیه", "distance": "۱۰ کیلومتر", "estimated_time": "۱۶ دقیقه", "advertisement": 25}}, {"model": "yuk.route", "pk": 15, "fields": {"origin": "ارومیه، بلوار فرهنگیان، امید، کوی 1", "destination": "ارومیه، امام خمینی، خیام شمالی، بین شهید مدنی 2 و کوی 22", "dest_city": "ارومیه", "origin_city": "ارومیه", "distance": "۵ کیلومتر", "estimated_time": "۱۵ دقیقه", "advertisement": 27}}, {"model": "authtoken.token", "pk": "2a5431978f3850a04a398507f492c39510b18b30", "fields": {"user": 1, "created": "2025-01-26T17:02:42.545Z"}}, {"model": "sites.site", "pk": 1, "fields": {"domain": "example.com", "name": "example.com"}}]